Date,AAPL,MSFT,SPY,TSLA
2021-01-04,126.54423522949219,210.8442840576172,348.2993469238281,243.2566680908203
2021-01-05,128.1087646484375,211.0476837158203,350.6982421875,245.0366668701172
2021-01-06,123.79644775390625,205.57534790039062,352.7948303222656,251.9933319091797
2021-01-07,128.02078247070312,211.42544555664062,358.0365905761719,272.0133361816406
2021-01-08,129.1258087158203,212.71359252929688,360.0765380859375,293.3399963378906
2021-01-11,126.12372589111328,210.6505889892578,357.6493225097656,270.39666748046875
2021-01-12,125.94771575927734,208.1710662841797,357.724853515625,283.14666748046875
2021-01-13,127.99141693115234,209.53672790527344,358.688232421875,284.8033447265625
2021-01-14,126.05526733398438,206.32113647460938,357.4320983886719,281.6666564941406
2021-01-15,124.32449340820312,205.96278381347656,354.8254699707031,275.38665771484375
2021-01-19,124.99919891357422,209.6335906982422,357.611572265625,281.51666259765625
2021-01-20,129.10618591308594,217.28517150878906,362.5604248046875,283.48333740234375
2021-01-21,133.83900451660156,217.8953399658203,362.8909606933594,281.663330078125
2021-01-22,135.99029541015625,218.8445281982422,361.6065368652344,282.21331787109375
2021-01-25,139.75503540039062,222.3119354248047,363.03265380859375,293.6000061035156
2021-01-26,139.98968505859375,225.02392578125,362.46600341796875,294.36334228515625
2021-01-27,138.91404724121094,225.5759735107422,353.60711669921875,288.0533447265625
2021-01-28,134.0541229248047,231.41636657714844,356.64825439453125,278.4766540527344
2021-01-29,129.03770446777344,224.66554260253906,349.50830078125,264.510009765625
2021-02-01,131.16946411132812,232.11366271972656,355.3260498046875,279.9366760253906
2021-02-02,132.0006561279297,231.9781494140625,360.35040283203125,290.92999267578125
2021-02-03,130.973876953125,235.35836791992188,360.6337585449219,284.89666748046875
2021-02-04,134.34751892089844,234.3994903564453,364.73260498046875,283.3299865722656
2021-02-05,133.93124389648438,234.58351135253906,366.16815185546875,284.07666015625
2021-02-08,134.07821655273438,234.84503173828125,368.8125915527344,287.8066711425781
2021-02-09,133.19679260253906,236.1041717529297,368.56707763671875,283.1533203125
2021-02-10,132.58963012695312,235.1840362548828,368.406494140625,268.2733459472656
2021-02-11,132.33497619628906,236.801513671875,369.00140380859375,270.5533447265625
2021-02-12,132.57000732421875,237.28578186035156,370.8243103027344,272.0400085449219
2021-02-16,130.43511962890625,236.03634643554688,370.5031433105469,265.40667724609375
2021-02-17,128.13369750976562,237.0653533935547,370.588134765625,266.04998779296875
2021-02-18,127.02714538574219,236.66732788085938,369.0108642578125,262.4599914550781
2021-02-19,127.18380737304688,233.9297332763672,368.35931396484375,260.4333190917969
2021-02-22,123.39383697509766,227.65847778320312,365.5259704589844,238.1666717529297
2021-02-23,123.25675201416016,226.4547119140625,365.96978759765625,232.94667053222656
2021-02-24,122.75727844238281,227.6973114013672,370.00262451171875,247.33999633789062
2021-02-25,118.48747253417969,222.2997589111328,361.08709716796875,227.4066619873047
2021-02-26,118.75189208984375,225.59071350097656,359.2264709472656,225.1666717529297
2021-03-01,125.14682006835938,230.01751708984375,367.93426513671875,239.47666931152344
2021-03-02,122.53205108642578,227.0371551513672,365.0632019042969,228.81333923339844
2021-03-03,119.53533172607422,220.91152954101562,360.2276306152344,217.73333740234375
2021-03-04,117.6452407836914,220.1057586669922,355.76995849609375,207.14666748046875
2021-03-05,118.9085693359375,224.83352661132812,362.3149108886719,199.31666564941406
2021-03-08,113.9532241821289,220.74652099609375,360.5109558105469,187.6666717529297
2021-03-09,118.58540344238281,226.9498291015625,365.6582336425781,224.52667236328125
2021-03-10,117.49835968017578,225.6295166015625,367.93426513671875,222.68666076660156
2021-03-11,119.4374008178711,230.20193481445312,371.6648254394531,233.1999969482422
2021-03-12,118.52664947509766,228.8622589111328,372.1654052734375,231.2433319091797
2021-03-15,121.4254150390625,227.94970703125,374.3847961425781,235.97999572753906
2021-03-16,122.97274780273438,230.76498413085938,373.91259765625,225.6266632080078
2021-03-17,122.17948913574219,230.11456298828125,375.1875915527344,233.93666076660156
2021-03-18,118.03697967529297,223.9792022705078,369.72869873046875,217.72000122070312
2021-03-19,117.5081558227539,223.62002563476562,369.04461669921875,218.2899932861328
2021-03-22,120.83783721923828,229.09523010253906,371.99139404296875,223.3333282470703
2021-03-23,120.00541687011719,230.63877868652344,369.06353759765625,220.72000122070312
2021-03-24,117.6060791015625,228.58074951171875,367.1874084472656,210.08999633789062
2021-03-25,118.09573364257812,225.5518798828125,369.25311279296875,213.4633331298828
2021-03-26,118.70291137695312,229.5709228515625,375.2035827636719,206.23666381835938
2021-03-29,118.87918853759766,228.3671417236328,375.0141296386719,203.76333618164062
2021-03-30,117.42001342773438,225.07618713378906,374.0191650390625,211.8733367919922
2021-03-31,119.62347412109375,228.8816680908203,375.53515625,222.64332580566406
2021-04-01,120.45589447021484,235.26942443847656,379.590576171875,220.5833282470703
2021-04-05,123.2959213256836,241.79310607910156,385.0388488769531,230.35000610351562
2021-04-06,123.59950256347656,240.6184539794922,384.8115539550781,230.5399932861328
2021-04-07,125.25455474853516,242.59881591796875,385.25689697265625,223.6566619873047
2021-04-08,127.66363525390625,245.85096740722656,387.0856018066406,227.93333435058594
2021-04-09,130.24908447265625,248.37501525878906,389.8997802734375,225.67333984375
2021-04-12,128.52545166015625,248.43325805664062,390.0419006347656,233.9933319091797
2021-04-13,131.64944458007812,250.93785095214844,391.19781494140625,254.10667419433594
2021-04-14,129.29908752441406,248.1226043701172,389.86187744140625,244.07666015625
2021-04-15,131.71803283691406,251.91835021972656,394.0499267578125,246.28334045410156
2021-04-16,131.38507080078125,253.12210083007812,395.36700439453125,246.5933380126953
2021-04-19,132.05099487304688,251.18055725097656,393.42462158203125,238.2100067138672
2021-04-20,130.35678100585938,250.71458435058594,390.5441589355469,239.663330078125
2021-04-21,130.73870849609375,252.96681213378906,394.23944091796875,248.0399932861328
2021-04-22,129.2109832763672,249.6564178466797,390.6388244628906,239.89666748046875
2021-04-23,131.54176330566406,253.52020263671875,394.8742980957031,243.13333129882812
2021-04-26,131.9334716796875,253.908447265625,395.6986389160156,246.06666564941406
2021-04-27,131.61033630371094,254.31619262695312,395.6133728027344,234.913330078125
2021-04-28,130.8170623779297,247.12269592285156,395.4996643066406,231.46665954589844
2021-04-29,130.7191162109375,245.13259887695312,398.0201416015625,225.6666717529297
2021-04-30,128.74090576171875,244.81222534179688,395.4049072265625,236.47999572753906
2021-05-03,129.798583984375,244.5015869140625,396.2577209472656,228.3000030517578
2021-05-04,125.20558166503906,240.55050659179688,393.81304931640625,224.53334045410156
2021-05-05,125.45042419433594,239.26905822753906,393.9362487792969,223.64666748046875
2021-05-06,127.05648803710938,242.4337921142578,397.0820007324219,221.17999267578125
2021-05-07,127.73333740234375,245.08407592773438,399.9719543457031,224.1233367919922
2021-05-10,124.43727111816406,239.95826721191406,396.01141357421875,209.67999267578125
2021-05-11,123.51515197753906,239.03607177734375,392.4770202636719,205.73333740234375
2021-05-12,120.43487548828125,232.0172882080078,384.1388244628906,196.6300048828125
2021-05-13,122.59300994873047,235.9295196533203,388.75323486328125,190.56333923339844
2021-05-14,125.02584075927734,240.90000915527344,394.7226867675781,196.5800018310547
2021-05-17,123.86830139160156,238.01670837402344,393.71832275390625,192.27667236328125
2021-05-18,122.47530364990234,235.97808837890625,390.3261413574219,192.6233367919922
2021-05-19,122.318359375,236.56187438964844,389.3028259277344,187.82000732421875
2021-05-20,124.88851928710938,239.83126831054688,393.49090576171875,195.5933380126953
2021-05-21,123.04428100585938,238.55661010742188,393.16876220703125,193.6266632080078
2021-05-24,124.68250274658203,244.01528930664062,397.17681884765625,202.14666748046875
2021-05-25,124.48632049560547,244.92996215820312,396.2955627441406,201.56333923339844
2021-05-26,124.43727111816406,244.70616149902344,397.0820007324219,206.3766632080078
2021-05-27,122.89714050292969,242.58493041992188,397.2904968261719,210.28334045410156
2021-05-28,122.2398681640625,242.9449462890625,398.0011291503906,208.4066619873047
2021-06-01,121.91615295410156,240.72645568847656,397.65057373046875,207.96665954589844
2021-06-02,122.68131256103516,240.629150390625,398.2759704589844,201.7066650390625
2021-06-03,121.19023895263672,239.08203125,396.7977600097656,190.94667053222656
2021-06-04,123.49552154541016,244.0249786376953,400.42681884765625,199.68333435058594
2021-06-07,123.50534057617188,246.9635467529297,400.0383605957031,201.7100067138672
2021-06-08,124.3293685913086,245.75701904296875,400.1236267089844,201.19667053222656
2021-06-09,124.7119369506836,246.7494659423828,399.5267028808594,199.5933380126953
2021-06-10,123.71134185791016,250.301025390625,401.38385009765625,203.3733367919922
2021-06-11,124.92774963378906,250.9335479736328,402.0471496582031,203.29666137695312
2021-06-14,127.99821472167969,252.8795623779297,402.947265625,205.89666748046875
2021-06-15,127.1741943359375,251.39080810546875,402.208251953125,199.7866668701172
2021-06-16,127.67452239990234,250.43727111816406,399.9625549316406,201.6233367919922
2021-06-17,129.28330993652344,253.8623046875,399.8299255371094,205.53334045410156
2021-06-18,127.97858428955078,252.43197631835938,394.43597412109375,207.77000427246094
2021-06-21,129.7836151123047,255.54566955566406,400.0827331542969,206.94332885742188
2021-06-22,131.43162536621094,258.3479309082031,402.2217102050781,207.90333557128906
2021-06-23,131.156982421875,258.1144104003906,401.73687744140625,218.85667419433594
2021-06-24,130.87249755859375,259.49615478515625,404.1134338378906,226.60667419433594
2021-06-25,130.57821655273438,257.8711242675781,405.5488586425781,223.9566650390625
2021-06-28,132.21646118164062,261.4713439941406,406.3664855957031,229.57333374023438
2021-06-29,133.7369384765625,264.07904052734375,406.5851135253906,226.9199981689453
2021-06-30,134.35496520996094,263.5925598144531,406.9273376464844,226.56666564941406
2021-07-01,134.65907287597656,264.2736511230469,409.1802673339844,225.97332763671875
2021-07-02,137.29788208007812,270.1604919433594,412.307861328125,226.3000030517578
2021-07-06,139.31875610351562,270.17022705078125,411.5568542480469,219.86000061035156
2021-07-07,141.8202362060547,272.3789978027344,413.0113525390625,214.88333129882812
2021-07-08,140.5155029296875,269.93670654296875,409.6461181640625,217.60333251953125
2021-07-09,142.3499755859375,270.4426574707031,414.01898193359375,218.98333740234375
2021-07-12,141.7515411376953,269.83935546875,415.5019836425781,228.56666564941406
2021-07-13,142.86988830566406,273.4006652832031,414.08551025390625,222.84666442871094
2021-07-14,146.31307983398438,274.889404296875,414.7034606933594,217.7933349609375
2021-07-15,145.65585327148438,273.4493103027344,413.2870178222656,216.86666870117188
2021-07-16,143.60560607910156,273.1768798828125,410.04534912109375,214.74000549316406
2021-07-19,139.7405242919922,269.5377502441406,403.9898681640625,215.4066619873047
2021-07-20,143.3701629638672,271.78546142578125,409.7792053222656,220.1666717529297
2021-07-21,142.63441467285156,273.8092956542969,413.0968933105469,218.42999267578125
2021-07-22,144.00784301757812,278.4214782714844,413.9619445800781,216.4199981689453
2021-07-23,145.73434448242188,281.85626220703125,418.2208251953125,214.4600067138672
2021-07-26,146.15618896484375,281.2529602050781,419.2474365234375,219.2066650390625
2021-07-27,143.97837829589844,278.81072998046875,417.33673095703125,214.92666625976562
2021-07-28,142.22242736816406,278.499267578125,417.1656494140625,215.66000366210938
2021-07-29,142.86988830566406,278.771728515625,418.895751953125,225.78334045410156
2021-07-30,143.08570861816406,277.2246398925781,416.8613586425781,229.06666564941406
2021-08-02,142.75218200683594,277.1370849609375,415.9868469238281,236.55667114257812
2021-08-03,144.55718994140625,279.37506103515625,419.3710632324219,236.5800018310547
2021-08-04,144.1549530029297,278.781494140625,417.3081970214844,236.97332763671875
2021-08-05,144.26284790039062,281.7103271484375,419.950927734375,238.2100067138672
2021-08-06,143.57516479492188,281.65191650390625,420.6448669433594,233.03334045410156
2021-08-09,143.52603149414062,280.5523681640625,420.3027038574219,237.9199981689453
2021-08-10,143.04466247558594,278.71337890625,420.8255310058594,236.663330078125
2021-08-11,143.30007934570312,279.2096252441406,421.87127685546875,235.94000244140625
2021-08-12,146.27688598632812,281.99249267578125,423.13555908203125,240.75
2021-08-13,146.4832305908203,284.950439453125,423.90557861328125,239.05667114257812
2021-08-16,148.46775817871094,286.65325927734375,424.90374755859375,228.72332763671875
2021-08-17,147.5540771484375,285.1742248535156,422.1183776855469,221.90333557128906
2021-08-18,143.79127502441406,283.42913818359375,417.4983215332031,229.663330078125
2021-08-19,144.12533569335938,289.3175048828125,418.14471435546875,224.49000549316406
2021-08-20,145.58920288085938,296.7169189453125,421.47198486328125,226.75332641601562
2021-08-23,147.08251953125,296.9996643066406,425.179443359375,235.43333435058594
2021-08-24,146.99404907226562,295.0206298828125,425.8543701171875,236.163330078125
2021-08-25,145.75619506835938,294.426025390625,426.74798583984375,237.06666564941406
2021-08-26,144.9506072998047,291.57928466796875,424.228759765625,233.72000122070312
2021-08-27,145.9920196533203,292.19342041015625,428.0218200683594,237.30667114257812
2021-08-30,150.43263244628906,295.96630859375,429.904052734375,243.6366729736328
2021-08-31,149.16529846191406,294.2991943359375,429.26708984375,245.24000549316406
2021-09-01,149.83334350585938,294.25042724609375,429.4952697753906,244.69667053222656
2021-09-02,150.95333862304688,293.5875549316406,430.8166809082031,244.1300048828125
2021-09-03,151.59197998046875,293.57781982421875,430.7121276855469,244.52333068847656
2021-09-07,153.9400177001953,292.64190673828125,429.1720886230469,250.97332763671875
2021-09-08,152.38772583007812,292.671142578125,428.64923095703125,251.2899932861328
2021-09-09,151.3660125732422,289.78546142578125,426.8145751953125,251.6199951171875
2021-09-10,146.35546875,288.2841491699219,423.4493103027344,245.42333984375
2021-09-13,146.92530822753906,289.5320129394531,424.5329895019531,247.6666717529297
2021-09-14,145.52041625976562,292.2616882324219,422.24200439453125,248.163330078125
2021-09-15,146.41439819335938,297.1653747558594,425.768798828125,251.94332885742188
2021-09-16,146.1786346435547,297.5553283691406,425.0938720703125,252.3300018310547
2021-09-17,143.49656677246094,292.3396911621094,420.9530334472656,253.163330078125
2021-09-20,140.4313507080078,286.90948486328125,413.9339904785156,243.38999938964844
2021-09-21,140.9127197265625,287.39691162109375,413.5429992675781,246.4600067138672
2021-09-22,143.290283203125,291.0821228027344,417.57696533203125,250.64666748046875
2021-09-23,144.2530517578125,292.0374450683594,422.65057373046875,251.2133331298828
2021-09-24,144.34146118164062,291.8327331542969,423.3467712402344,258.1300048828125
2021-09-27,142.8186492919922,286.7828369140625,422.1356201171875,263.78668212890625
2021-09-28,139.41937255859375,276.4002685546875,413.6287536621094,259.1866760253906
2021-09-29,140.32325744628906,276.8681945800781,414.324951171875,260.4366760253906
2021-09-30,139.0166015625,274.8404235839844,409.26092529296875,258.49334716796875
2021-10-01,140.14639282226562,281.8401794433594,414.12469482421875,258.40667724609375
2021-10-04,136.697998046875,276.0005798339844,408.7841491699219,260.510009765625
2021-10-05,138.6334228515625,281.5086669921875,413.03753662109375,260.1966552734375
2021-10-06,139.5078125,285.7494201660156,414.75408935546875,260.9166564941406
2021-10-07,140.7751922607422,287.4457702636719,418.3399658203125,264.53668212890625
2021-10-08,140.39202880859375,287.4457702636719,417.57696533203125,261.8299865722656
2021-10-11,140.30360412597656,286.8412780761719,414.5538635253906,263.9800109863281
2021-10-12,139.0264129638672,285.52520751953125,413.53338623046875,268.5733337402344
2021-10-13,138.4369354248047,288.8690185546875,415.0211486816406,270.3599853515625
2021-10-14,141.23690795898438,295.1473388671875,422.0020446777344,272.7733459472656
2021-10-15,142.29795837402344,296.5706787109375,425.2159729003906,281.010009765625
2021-10-18,143.9779510498047,299.5733642578125,426.4748229980469,290.03668212890625
2021-10-19,146.149169921875,300.48974609375,429.7649841308594,288.0899963378906
2021-10-20,146.64039611816406,299.69024658203125,431.4530334472656,288.6000061035156
2021-10-21,146.8565216064453,302.9561767578125,432.578369140625,298.0
2021-10-22,146.08041381835938,301.3963928222656,432.1300964355469,303.2266540527344
2021-10-25,146.03126525878906,300.39227294921875,434.44757080078125,341.6199951171875
2021-10-26,146.69935607910156,302.3224792480469,434.8385009765625,339.4766540527344
2021-10-27,146.2375946044922,315.0545654296875,432.912109375,345.9533386230469
2021-10-28,149.89231872558594,316.2049255371094,437.0892333984375,359.0133361816406
2021-10-29,147.17091369628906,323.2923889160156,437.9761962890625,371.3333435058594
2021-11-01,146.3456573486328,321.0988464355469,438.7295227050781,402.86334228515625
2021-11-02,147.38706970214844,324.7644348144531,440.5033874511719,390.6666564941406
2021-11-03,148.83126831054688,325.6125793457031,443.1927795410156,404.6199951171875
2021-11-04,148.310546875,327.9913330078125,445.28131103515625,409.9700012207031
2021-11-05,148.84185791015625,327.62091064453125,446.8262939453125,407.36334228515625
2021-11-08,148.0154266357422,328.5274963378906,447.207763671875,387.64666748046875
2021-11-09,148.37942504882812,327.51361083984375,445.7295837402344,341.1666564941406
2021-11-10,145.53599548339844,322.4929504394531,442.14373779296875,355.98333740234375
2021-11-11,145.48681640625,324.08203125,442.28680419921875,354.5033264160156
2021-11-12,147.57264709472656,328.2642822265625,445.6246337890625,344.47332763671875
2021-11-15,147.58250427246094,327.6306457519531,445.7772216796875,337.7966613769531
2021-11-16,148.56639099121094,330.9842529296875,447.54150390625,351.57666015625
2021-11-17,151.0162353515625,331.2088928222656,446.45440673828125,363.0033264160156
2021-11-18,155.32565307617188,333.30877685546875,447.970703125,365.4599914550781
2021-11-19,157.9624481201172,335.1058044433594,447.16961669921875,379.0199890136719
2021-11-22,158.4248809814453,331.9023132324219,445.9107971191406,385.6233215332031
2021-11-23,158.80860900878906,329.8025207519531,446.5020751953125,369.6766662597656
2021-11-24,159.33006286621094,330.0271301269531,447.6941223144531,372.0
2021-11-26,154.28273010253906,321.9891662597656,437.7091369628906,360.6400146484375
2021-11-29,157.65744018554688,328.7770080566406,443.078369140625,378.9966735839844
2021-11-30,162.63592529296875,322.87786865234375,434.45709228515625,381.586669921875
2021-12-01,162.11444091796875,322.3797607421875,429.6314697265625,365.0
2021-12-02,161.12071228027344,321.80352783203125,436.21185302734375,361.5333251953125
2021-12-03,159.23167419433594,315.4746398925781,432.41619873046875,338.3233337402344
2021-12-06,162.6555938720703,318.5805969238281,437.5375061035156,336.336669921875
2021-12-07,168.421142578125,327.10693359375,446.587890625,350.5833435058594
2021-12-08,172.25828552246094,327.15570068359375,447.7704162597656,356.32000732421875
2021-12-09,171.74667358398438,325.3293151855469,444.7472229003906,334.6000061035156
2021-12-10,176.55789184570312,334.54913330078125,448.9338684082031,339.010009765625
2021-12-13,172.90765380859375,331.48236083984375,444.95709228515625,322.13665771484375
2021-12-14,171.5203857421875,320.68035888671875,441.895751953125,319.5033264160156
2021-12-15,176.41026306152344,326.8431701660156,448.8004150390625,325.3299865722656
2021-12-16,169.48373413085938,317.32061767578125,444.8426513671875,308.97332763671875
2021-12-17,168.3817901611328,316.2463073730469,440.1082458496094,310.8566589355469
2021-12-20,167.01417541503906,312.447021484375,435.4284362792969,299.9800109863281
2021-12-21,170.20196533203125,319.65484619140625,443.1611328125,312.84332275390625
2021-12-22,172.8092498779297,325.4270324707031,447.59222412109375,336.2900085449219
2021-12-23,173.43893432617188,326.8822021484375,450.3771667480469,355.6666564941406
2021-12-27,177.4236602783203,334.4612121582031,456.7509460449219,364.64666748046875
2021-12-28,176.40042114257812,333.2891845703125,456.377685546875,362.8233337402344
2021-12-29,176.489013671875,333.972900390625,456.9615173339844,362.0633239746094
2021-12-30,175.3280029296875,331.40423583984375,455.69818115234375,356.7799987792969
2021-12-31,174.7081756591797,328.47418212890625,454.5497741699219,352.260009765625
2022-01-03,179.0765838623047,326.9408264160156,457.181640625,399.9266662597656
2022-01-04,176.80381774902344,321.334716796875,457.02850341796875,383.1966552734375
2022-01-05,172.10084533691406,308.9993896484375,448.2525939941406,362.7066650390625
2022-01-06,169.22789001464844,306.55767822265625,447.8314208984375,354.8999938964844
2022-01-07,169.39517211914062,306.71392822265625,446.0608825683594,342.32000732421875
2022-01-10,169.4148406982422,306.9385681152344,445.505859375,352.7066650390625
2022-01-11,172.25828552246094,307.63201904296875,449.56365966796875,354.79998779296875
2022-01-12,172.70101928710938,310.84527587890625,450.7790832519531,368.739990234375
2022-01-13,169.4148406982422,297.68951416015625,444.5679626464844,343.85333251953125
2022-01-14,170.2806854248047,302.96356201171875,444.7497863769531,349.8699951171875
2022-01-18,167.0633544921875,295.589599609375,436.87347412109375,343.5033264160156
2022-01-19,163.5509033203125,296.2537536621094,432.3371276855469,331.8833312988281
2022-01-20,161.858642578125,294.564208984375,427.5520324707031,332.0899963378906
2022-01-21,159.79248046875,289.1241149902344,419.15887451171875,314.6333312988281
2022-01-24,159.0152130126953,289.45611572265625,420.93896484375,310.0
2022-01-25,157.2048797607422,281.75994873046875,415.79974365234375,306.1333312988281
2022-01-26,157.11630249023438,289.7882385253906,414.7565612792969,312.4700012207031
2022-01-27,156.65390014648438,292.8451843261719,412.7085266113281,276.3666687011719
2022-01-28,167.58485412597656,301.0688171386719,422.9582824707031,282.1166687011719
2022-01-31,171.96310424804688,303.725341796875,430.57623291015625,312.239990234375
2022-02-01,171.79588317871094,301.5571594238281,433.4856262207031,310.4166564941406
2022-02-02,173.00604248046875,306.1474609375,437.6965026855469,301.88665771484375
2022-02-03,170.11338806152344,294.2222900390625,427.40850830078125,297.0466613769531
2022-02-04,169.8277130126953,298.80291748046875,429.418212890625,307.7733459472656
2022-02-07,169.1085968017578,293.9293518066406,428.04010009765625,302.4466552734375
2022-02-08,172.23147583007812,297.4551086425781,431.5619201660156,307.3333435058594
2022-02-09,173.659912109375,303.9499816894531,437.8782958984375,310.6666564941406
2022-02-10,169.56173706054688,295.3260192871094,430.0116271972656,301.51666259765625
2022-02-11,166.1334686279297,288.1571960449219,421.5323181152344,286.6666564941406
2022-02-14,166.3699188232422,288.1181335449219,420.1542053222656,291.9200134277344
2022-02-15,170.2217559814453,293.4605407714844,426.9299621582031,307.4766540527344
2022-02-16,169.98533630371094,293.1179504394531,427.40850830078125,307.7966613769531
2022-02-17,166.3699188232422,284.53485107421875,418.2784423828125,292.1166687011719
2022-02-18,164.81341552734375,281.7945251464844,415.5700378417969,285.6600036621094
2022-02-22,161.87770080566406,281.5889892578125,411.1103210449219,273.84332275390625
2022-02-23,157.69082641601562,274.2977600097656,403.8177185058594,254.67999267578125
2022-02-24,160.32118225097656,288.3125915527344,409.8948669433594,266.92333984375
2022-02-25,162.39979553222656,290.974609375,418.9388122558594,269.9566650390625
2022-02-28,162.66578674316406,292.4231262207031,417.8669128417969,290.1433410644531
2022-03-01,160.77430725097656,288.6649475097656,411.502685546875,288.1233215332031
2022-03-02,164.0843963623047,293.7933044433594,419.07269287109375,293.2966613769531
2022-03-03,163.75927734375,289.6142578125,416.9864501953125,279.7633361816406
2022-03-04,160.74476623535156,283.683349609375,413.5985412597656,279.42999267578125
2022-03-07,156.9322967529297,272.9667053222656,401.4060363769531,268.1933288574219
2022-03-08,155.09996032714844,269.971923828125,398.3626708984375,274.79998779296875
2022-03-09,160.5280303955078,282.3524169921875,409.04315185546875,286.3233337402344
2022-03-10,156.16390991210938,279.50439453125,407.196044921875,279.4333190917969
2022-03-11,152.43019104003906,274.10205078125,402.0185241699219,265.1166687011719
2022-03-14,148.3813018798828,270.54937744140625,399.0804748535156,255.4566650390625
2022-03-15,152.7848663330078,281.0311584472656,407.8564147949219,267.2966613769531
2022-03-16,157.21798706054688,288.11688232421875,416.9002685546875,280.07666015625
2022-03-17,158.23268127441406,288.92919921875,422.1160888671875,290.5333251953125
2022-03-18,161.542724609375,294.0281982421875,426.73944091796875,301.7966613769531
2022-03-21,162.92193603515625,292.78521728515625,426.6146545410156,307.0533447265625
2022-03-22,166.31080627441406,297.5808410644531,431.606689453125,331.32666015625
2022-03-23,167.6801300048828,293.10821533203125,426.0482177734375,333.03668212890625
2022-03-24,171.4827880859375,297.6199951171875,432.4706115722656,337.97332763671875
2022-03-25,172.12307739257812,297.2089538574219,434.5827331542969,336.8800048828125
2022-03-28,172.9900360107422,304.07940673828125,437.6738586425781,363.9466552734375
2022-03-29,176.30010986328125,308.68902587890625,443.0882568359375,366.5233459472656
2022-03-30,175.1277618408203,307.1720275878906,440.35235595703125,364.663330078125
2022-03-31,172.01475524902344,301.74029541015625,433.5746765136719,359.20001220703125
2022-04-01,171.71920776367188,302.82666015625,434.8034973144531,361.5299987792969
2022-04-04,175.7877960205078,308.25836181640625,438.5282287597656,381.8166809082031
2022-04-05,172.45803833007812,304.2554931640625,432.9890441894531,363.7533264160156
2022-04-06,169.2760772705078,293.1179504394531,428.65948486328125,348.586669921875
2022-04-07,169.5814666748047,294.9481201171875,430.8194274902344,352.4200134277344
2022-04-08,167.56190490722656,290.6419372558594,429.66748046875,341.8299865722656
2022-04-11,163.2864227294922,279.181396484375,422.32354736328125,325.30999755859375
2022-04-12,165.1680450439453,276.04962158203125,420.7586975097656,328.98333740234375
2022-04-13,167.8673095703125,281.4911193847656,425.577880859375,340.7900085449219
2022-04-14,162.83326721191406,273.86712646484375,420.2786865234375,328.3333435058594
2022-04-18,162.61654663085938,274.5423889160156,420.45147705078125,334.7633361816406
2022-04-19,164.91188049316406,279.2205505371094,427.2386779785156,342.7166748046875
2022-04-20,164.74441528320312,280.2579650878906,426.921875,325.73333740234375
2022-04-21,163.94644165039062,274.82623291015625,420.537841796875,336.260009765625
2022-04-22,159.38526916503906,268.190673828125,408.9986572265625,335.01666259765625
2022-04-25,160.45907592773438,274.7381591796875,411.36981201171875,332.67333984375
2022-04-26,154.4694366455078,264.4619445800781,399.4562683105469,292.1400146484375
2022-04-27,154.24288940429688,277.1849060058594,400.5794677734375,293.836669921875
2022-04-28,161.20777893066406,283.4582824707031,410.6978759765625,292.5033264160156
2022-04-29,155.30679321289062,271.6063537597656,395.5202941894531,290.2533264160156
2022-05-02,155.61224365234375,278.4082946777344,397.9010314941406,300.9800109863281
2022-05-03,157.10958862304688,275.7755432128906,399.7250061035156,303.0833435058594
2022-05-04,163.55238342285156,283.8008728027344,411.8978576660156,317.5400085449219
2022-05-05,154.43991088867188,271.4399719238281,397.2578430175781,291.09332275390625
2022-05-06,155.1699676513672,268.87579345703125,394.88665771484375,288.54998779296875
2022-05-09,150.02000427246094,258.94207763671875,382.2434387207031,262.3699951171875
2022-05-10,152.4371337890625,263.7572326660156,383.12664794921875,266.67999267578125
2022-05-11,144.5346221923828,254.9979705810547,377.0402526855469,244.6666717529297
2022-05-12,140.6474151611328,249.9088134765625,376.6466369628906,242.6666717529297
2022-05-13,145.13641357421875,255.5558319091797,385.6514892578125,256.5299987792969
2022-05-16,143.58746337890625,255.92771911621094,384.0866394042969,241.4566650390625
2022-05-17,147.2378387451172,261.13433837890625,391.9874572753906,253.8699951171875
2022-05-18,138.93081665039062,249.2449951171875,376.18585205078125,236.60333251953125
2022-05-19,135.50735473632812,248.32290649414062,373.8818359375,236.47332763671875
2022-05-20,135.74412536621094,247.75392150878906,374.0450744628906,221.3000030517578
2022-05-23,141.1900634765625,255.6899871826172,381.04339599609375,224.96665954589844
2022-05-24,138.47695922851562,254.67955017089844,378.1346130371094,209.3866729736328
2022-05-25,138.63482666015625,257.5244140625,381.4754333496094,219.60000610351562
2022-05-26,141.85107421875,260.8400573730469,389.0978698730469,235.91000366210938
2022-05-27,147.63246154785156,268.0404357910156,398.6498107910156,253.2100067138672
2022-05-31,146.8431854248047,266.6964111328125,396.4130554199219,252.75332641601562
2022-06-01,146.71490478515625,267.2360534667969,393.2066650390625,246.7899932861328
2022-06-02,149.18142700195312,269.35491943359375,400.6946716308594,258.3333435058594
2022-06-03,143.4296112060547,264.88165283203125,394.1186828613281,234.51666259765625
2022-06-06,144.17942810058594,263.6358642578125,395.3186340332031,238.27999877929688
2022-06-07,146.71490478515625,267.31451416015625,399.1105651855469,238.8866729736328
2022-06-08,145.97500610351562,265.26422119140625,394.7714538574219,241.86666870117188
2022-06-09,140.7263641357422,259.751220703125,385.3826904296875,239.7066650390625
2022-06-10,135.29029846191406,248.17576599121094,374.2082214355469,232.22999572753906
2022-06-13,130.1107635498047,237.64993286132812,360.0002136230469,215.73666381835938
2022-06-14,130.97891235351562,239.83750915527344,358.9154357910156,220.88999938964844
2022-06-15,133.61309814453125,246.96914672851562,364.0322570800781,233.0
2022-06-16,128.3151397705078,240.308349609375,351.9842224121094,213.10000610351562
2022-06-17,129.79501342773438,242.93736267089844,352.74298095703125,216.75999450683594
2022-06-21,134.04718017578125,248.91146850585938,361.622802734375,237.0366668701172
2022-06-22,133.53421020507812,248.3130645751953,360.96728515625,236.086669921875
2022-06-23,136.41500854492188,253.93402099609375,364.5055847167969,235.07000732421875
2022-06-24,139.75950622558594,262.6058349609375,376.0946960449219,245.7066650390625
2022-06-27,139.75950622558594,259.8493347167969,374.6580810546875,244.9199981689453
2022-06-28,135.59613037109375,251.59933471679688,367.0027770996094,232.663330078125
2022-06-29,137.3621063232422,255.3074188232422,366.703857421875,228.49000549316406
2022-06-30,134.8857879638672,251.94265747070312,363.72467041015625,224.47332763671875
2022-07-01,137.06613159179688,254.6403350830078,367.5715637207031,227.26333618164062
2022-07-05,139.6608428955078,257.84814453125,368.2657775878906,233.06666564941406
2022-07-06,141.00262451171875,261.1441650390625,369.5095520019531,231.73333740234375
2022-07-07,144.38662719726562,263.2925109863281,375.0437316894531,244.5433349609375
2022-07-08,145.06732177734375,262.56658935546875,374.7352294921875,250.76333618164062
2022-07-11,142.92645263671875,259.4765319824219,370.454345703125,234.3433380126953
2022-07-12,143.9031982421875,248.84280395507812,367.1763000488281,233.07000732421875
2022-07-13,143.5381317138672,247.910888671875,365.24798583984375,237.0399932861328
2022-07-14,146.4781494140625,249.2449951171875,364.3609924316406,238.31333923339844
2022-07-15,148.15536499023438,251.83474731445312,371.3221435546875,240.06666564941406
2022-07-18,145.09695434570312,249.41175842285156,368.25616455078125,240.54666137695312
2022-07-19,148.97422790527344,254.59124755859375,378.2061462402344,245.52999877929688
2022-07-20,150.98683166503906,257.2791442871094,380.6164855957031,247.5
2022-07-21,153.26585388183594,259.80023193359375,384.492431640625,271.7066650390625
2022-07-22,152.0227508544922,255.40548706054688,380.925048828125,272.24334716796875
2022-07-25,150.89804077148438,253.9045867919922,381.3878479003906,268.4333190917969
2022-07-26,149.56617736816406,247.1064910888672,376.87567138671875,258.8599853515625
2022-07-27,154.68653869628906,263.62603759765625,386.6617431640625,274.82000732421875
2022-07-28,155.23904418945312,271.1501159667969,391.5113830566406,280.8999938964844
2022-07-29,160.3297882080078,275.397705078125,397.2191467285156,297.1499938964844
2022-08-01,159.34320068359375,272.7196350097656,396.0428771972656,297.27667236328125
2022-08-02,157.8633270263672,269.5903625488281,393.42999267578125,300.586669921875
2022-08-03,163.90122985839844,277.0947265625,399.5909729003906,307.39666748046875
2022-08-04,163.58554077148438,278.2523193359375,399.3210144042969,308.6333312988281
2022-08-05,163.35829162597656,277.5263671875,398.64605712890625,288.1700134277344
2022-08-08,162.8840789794922,274.9856872558594,398.18328857421875,290.42333984375
2022-08-09,162.93348693847656,276.9279479980469,396.6021423339844,283.3333435058594
2022-08-10,167.20143127441406,283.6574401855469,404.9323425292969,294.3566589355469
2022-08-11,166.4604949951172,281.5581970214844,404.9323425292969,286.6300048828125
2022-08-12,170.02699279785156,286.3551330566406,411.78741455078125,300.0299987792969
2022-08-15,171.10386657714844,287.8854675292969,413.4842834472656,309.32000732421875
2022-08-16,170.94578552246094,287.1399230957031,414.294189453125,306.5633239746094
2022-08-17,172.4474639892578,286.3829650878906,411.3535461425781,303.9966735839844
2022-08-18,172.0522918701172,285.25244140625,412.54913330078125,302.8699951171875
2022-08-19,169.4539794921875,281.3005065917969,407.0052185058594,296.6666564941406
2022-08-22,165.5515594482422,273.0428771972656,398.5303649902344,289.913330078125
2022-08-23,165.21566772460938,271.7550964355469,397.5662536621094,296.4533386230469
2022-08-24,165.51202392578125,271.11614990234375,398.83892822265625,297.0966796875
2022-08-25,167.98193359375,274.124267578125,404.46954345703125,296.07000732421875
2022-08-26,161.64913940429688,263.5466003417969,390.7786560058594,288.0899963378906
2022-08-29,159.4361114501953,260.735107421875,388.1947326660156,284.82000732421875
2022-08-30,156.99586486816406,258.5133972167969,383.9331970214844,277.70001220703125
2022-08-31,155.32623291015625,257.0387878417969,381.0118408203125,275.6099853515625
2022-09-01,156.05734252929688,255.9869384765625,382.2073974609375,277.1600036621094
2022-09-02,153.93321228027344,251.72048950195312,378.17718505859375,270.2099914550781
2022-09-06,152.6686248779297,248.9581298828125,376.7502746582031,274.4200134277344
2022-09-07,154.08140563964844,253.716064453125,383.5185852050781,283.70001220703125
2022-09-08,152.59947204589844,254.13882446289062,386.0253601074219,289.260009765625
2022-09-09,155.47442626953125,259.97808837890625,392.0223693847656,299.67999267578125
2022-09-12,161.46141052246094,262.1309814453125,396.2356872558594,304.4200134277344
2022-09-13,151.98692321777344,247.71946716308594,379.0063781738281,292.1300048828125
2022-09-14,153.4392547607422,247.94558715820312,380.4526062011719,302.6099853515625
2022-09-15,150.53465270996094,241.2215118408203,376.13323974609375,303.75
2022-09-16,148.884765625,240.59234619140625,373.263671875,303.3500061035156
2022-09-19,152.6192169189453,240.37606811523438,376.1584167480469,309.07000732421875
2022-09-20,155.01007080078125,238.34112548828125,371.84063720703125,308.7300109863281
2022-09-21,151.86837768554688,234.9004669189453,365.3543395996094,300.79998779296875
2022-09-22,150.9001922607422,236.89605712890625,362.2854309082031,288.5899963378906
2022-09-23,148.61802673339844,233.8878936767578,356.2153625488281,275.3299865722656
2022-09-26,148.9539031982422,233.4259033203125,352.69146728515625,276.010009765625
2022-09-27,149.93199157714844,232.4035186767578,351.7911071777344,282.94000244140625
2022-09-28,148.03512573242188,236.98452758789062,358.71307373046875,287.80999755859375
2022-09-29,140.76377868652344,233.47503662109375,351.2199401855469,268.2099914550781
2022-09-30,136.5353240966797,228.9530029296875,345.78887939453125,265.25
2022-10-03,140.73411560058594,236.66015625,354.9180603027344,242.39999389648438
2022-10-04,144.34019470214844,244.6621856689453,365.9158630371094,249.44000244140625
2022-10-05,144.63653564453125,244.97677612304688,365.0638427734375,240.80999755859375
2022-10-06,143.67822265625,242.60760498046875,361.2979736328125,238.1300048828125
2022-10-07,138.40255737304688,230.27027893066406,351.2199401855469,223.07000732421875
2022-10-10,138.7285919189453,225.36485290527344,348.5382385253906,222.9600067138672
2022-10-11,137.30593872070312,221.58993530273438,346.3310241699219,216.5
2022-10-12,136.6736297607422,221.92417907714844,345.1886291503906,217.24000549316406
2022-10-13,141.2676544189453,230.27027893066406,354.29852294921875,221.72000122070312
2022-10-14,136.71316528320312,224.6865234375,346.2244873046875,204.99000549316406
2022-10-17,140.69464111328125,233.50453186035156,355.1214294433594,219.35000610351562
2022-10-18,142.01849365234375,234.45809936523438,359.2939758300781,220.19000244140625
2022-10-19,142.1271514892578,232.4723358154297,356.7478942871094,222.0399932861328
2022-10-20,141.66281127929688,232.1479034423828,353.75640869140625,207.27999877929688
2022-10-21,145.49609375,238.01673889160156,362.3531799316406,214.44000244140625
2022-10-24,147.6498260498047,243.05979919433594,366.7871398925781,211.25
2022-10-25,150.5050048828125,246.41201782226562,372.6441955566406,222.4199981689453
2022-10-26,147.55104064941406,227.3997802734375,369.83660888671875,224.63999938964844
2022-10-27,143.05581665039062,222.90719604492188,367.8616943359375,225.08999633789062
2022-10-28,153.8640594482422,231.87266540527344,376.6134338378906,228.52000427246094
2022-10-31,151.49298095703125,228.19606018066406,373.8930358886719,227.5399932861328
2022-11-01,148.83534240722656,224.30316162109375,372.2569580078125,227.82000732421875
2022-11-02,143.28306579589844,216.3699493408203,362.9147033691406,214.97999572753906
2022-11-03,137.20712280273438,210.6190643310547,359.1778259277344,215.30999755859375
2022-11-04,136.93994140625,217.6380615234375,364.3475036621094,207.47000122070312
2022-11-07,137.47433471679688,224.0082244873047,367.83270263671875,197.0800018310547
2022-11-08,138.0482635498047,224.9912872314453,369.8172912597656,191.3000030517578
2022-11-09,133.4664764404297,220.70516967773438,362.19830322265625,177.58999633789062
2022-11-10,145.3415985107422,238.86216735839844,382.10260009765625,190.72000122070312
2022-11-11,148.14215087890625,242.9221649169922,385.80078125,195.97000122070312
2022-11-14,146.73692321777344,237.45639038085938,382.5188903808594,190.9499969482422
2022-11-15,148.47860717773438,237.86927795410156,385.7814025878906,194.4199981689453
2022-11-16,147.2415771484375,238.30303955078125,382.8383483886719,186.9199981689453
2022-11-17,149.15151977539062,238.2537384033203,381.66693115234375,183.1699981689453
2022-11-18,149.71559143066406,237.80027770996094,383.3998107910156,180.19000244140625
2022-11-21,146.4697265625,238.61849975585938,382.00579833984375,167.8699951171875
2022-11-22,148.61715698242188,241.55624389648438,387.1464538574219,169.91000366210938
2022-11-23,149.49789428710938,244.0701141357422,389.5860900878906,183.1999969482422
2022-11-25,146.56869506835938,243.9813690185547,389.4989013671875,182.86000061035156
2022-11-28,142.7191925048828,238.33262634277344,383.28369140625,182.9199981689453
2022-11-29,139.70091247558594,236.92291259765625,382.6253662109375,180.8300018310547
2022-11-30,146.48951721191406,251.52293395996094,394.67828369140625,194.6999969482422
2022-12-01,146.76661682128906,251.07931518554688,394.3878479003906,194.6999969482422
2022-12-02,146.2718048095703,251.40464782714844,393.9328308105469,194.86000061035156
2022-12-05,145.1041259765625,246.6529541015625,386.8463134765625,182.4499969482422
2022-12-06,141.42283630371094,241.6449737548828,381.27001953125,179.82000732421875
2022-12-07,139.47332763671875,240.90562438964844,380.6214294433594,174.0399932861328
2022-12-08,141.16551208496094,243.8926544189453,383.6031188964844,173.44000244140625
2022-12-09,140.68063354492188,241.94073486328125,380.7375793457031,179.0500030517578
2022-12-12,142.9863739013672,248.93020629882812,386.2267150878906,167.82000732421875
2022-12-13,143.95614624023438,253.27769470214844,389.15045166015625,160.9499969482422
2022-12-14,141.71971130371094,253.57342529296875,386.662353515625,156.8000030517578
2022-12-15,135.07949829101562,245.47984313964844,377.2039489746094,157.6699981689453
2022-12-16,133.11021423339844,241.22108459472656,372.7505798339844,150.22999572753906
2022-12-19,130.9924774169922,237.0411834716797,369.5898132324219,149.8699951171875
2022-12-20,130.92323303222656,238.37205505371094,370.0955810546875,137.8000030517578
2022-12-21,134.04042053222656,240.96478271484375,375.6294250488281,137.57000732421875
2022-12-22,130.8539581298828,234.81324768066406,370.27069091796875,125.3499984741211
2022-12-23,130.48777770996094,235.34555053710938,372.4004821777344,123.1500015258789
2022-12-27,128.6768341064453,233.60067749023438,370.93194580078125,109.0999984741211
2022-12-28,124.7283706665039,231.20510864257812,366.3220520019531,112.70999908447266
2022-12-29,128.26121520996094,237.59323120117188,372.9160461425781,121.81999969482422
2022-12-30,128.57786560058594,236.42013549804688,371.93365478515625,123.18000030517578
2023-01-03,123.7684555053711,236.1835174560547,370.3678894042969,108.0999984741211
2023-01-04,125.04503631591797,225.8520965576172,373.2272033691406,113.63999938964844
2023-01-05,123.71897888183594,219.15835571289062,368.9674072265625,110.33999633789062
2023-01-06,128.27110290527344,221.7412109375,377.4285888671875,113.05999755859375
2023-01-09,128.79559326171875,223.90016174316406,377.214599609375,119.7699966430664
2023-01-10,129.3695526123047,225.6056365966797,379.8600158691406,118.8499984741211
2023-01-11,132.10086059570312,232.4275360107422,384.6643981933594,123.22000122070312
2023-01-12,132.0216827392578,235.12869262695312,386.06488037109375,123.55999755859375
2023-01-13,133.35763549804688,235.8385009765625,387.56268310546875,122.4000015258789
2023-01-17,134.5253143310547,236.94259643554688,386.8526306152344,131.49000549316406
2023-01-18,133.80291748046875,232.46693420410156,380.74505615234375,128.77999877929688
2023-01-19,133.86231994628906,228.64195251464844,377.9732666015625,127.16999816894531
2023-01-20,136.4352569580078,236.81443786621094,385.01458740234375,133.4199981689453
2023-01-23,139.64154052734375,239.1409912109375,389.6341552734375,143.75
2023-01-24,141.04676818847656,238.60862731933594,389.2159729003906,143.88999938964844
2023-01-25,140.3837432861328,237.19891357421875,389.36181640625,144.42999267578125
2023-01-26,142.46188354492188,244.48416137695312,393.6410827636719,160.27000427246094
2023-01-27,144.41139221191406,244.6418914794922,394.5455322265625,177.89999389648438
2023-01-30,141.51190185546875,239.2691650390625,389.5952453613281,166.66000366210938
2023-01-31,142.7884521484375,244.29685974121094,395.3235778808594,173.22000122070312
2023-02-01,143.91656494140625,249.1667938232422,399.5250244140625,181.41000366210938
2023-02-02,149.25048828125,260.8488464355469,405.3409118652344,188.27000427246094
2023-02-03,152.89218139648438,254.68743896484375,401.0325012207031,189.97999572753906
2023-02-06,150.1510009765625,253.1298065185547,398.5816345214844,194.75999450683594
2023-02-07,153.04061889648438,263.7668762207031,403.7945556640625,196.80999755859375
2023-02-08,150.33905029296875,262.94866943359375,399.379150390625,201.2899932861328
2023-02-09,149.2999725341797,259.8826904296875,395.9169006347656,207.32000732421875
2023-02-10,149.66668701171875,259.3700866699219,396.8408203125,196.88999938964844
2023-02-13,152.48143005371094,267.4735412597656,401.49932861328125,194.63999938964844
2023-02-14,151.83718872070312,268.3115234375,401.3145446777344,209.25
2023-02-15,153.9482421875,266.1668701171875,402.6177673339844,214.24000549316406
2023-02-16,152.3426513671875,259.0808410644531,397.07421875,202.0399932861328
2023-02-17,151.19300842285156,255.03872680664062,396.0821838378906,208.30999755859375
2023-02-21,147.15916442871094,249.7118377685547,388.13641357421875,197.3699951171875
2023-02-22,147.58535766601562,248.56541442871094,387.6015319824219,200.86000061035156
2023-02-23,148.0709991455078,251.78724670410156,389.6632995605469,202.07000732421875
2023-02-24,145.40493774414062,246.30223083496094,385.5008544921875,196.8800048828125
2023-02-27,146.6041717529297,247.23123168945312,386.8137512207031,207.6300048828125
2023-02-28,146.09872436523438,246.49990844726562,385.3841247558594,205.7100067138672
2023-03-01,144.01739501953125,243.38677978515625,383.90576171875,202.77000427246094
2023-03-02,144.61204528808594,248.1701202392578,386.89154052734375,190.89999389648438
2023-03-03,149.6865234375,252.30116271972656,393.0964660644531,197.7899932861328
2023-03-06,152.46160888671875,253.86265563964844,393.3687744140625,193.80999755859375
2023-03-07,150.25140380859375,251.17449951171875,387.3388977050781,187.7100067138672
2023-03-08,151.51011657714844,250.72976684570312,387.9710998535156,182.0
2023-03-09,149.2504119873047,249.36593627929688,380.8131103515625,172.9199981689453
2023-03-10,147.1790313720703,245.67959594726562,375.31817626953125,173.44000244140625
2023-03-13,149.1314697265625,250.94720458984375,374.783203125,174.47999572753906
2023-03-14,151.23260498046875,257.73681640625,380.97845458984375,183.25999450683594
2023-03-15,151.6290740966797,262.3323059082031,378.5956726074219,180.4499969482422
2023-03-16,154.46365356445312,272.96636962890625,385.23822021484375,184.1300048828125
2023-03-17,153.62120056152344,276.1585388183594,380.73370361328125,180.1300048828125
2023-03-20,155.9998321533203,269.0428466796875,384.39471435546875,183.25
2023-03-21,157.8631134033203,270.57470703125,389.4420166015625,197.5800018310547
2023-03-22,156.42599487304688,269.1021728515625,382.80340576171875,191.14999389648438
2023-03-23,157.5162353515625,274.4092712402344,383.8382873535156,192.22000122070312
2023-03-24,158.82447814941406,277.2851867675781,386.3570251464844,190.41000366210938
2023-03-27,156.87200927734375,273.1442565917969,387.0794677734375,191.80999755859375
2023-03-28,156.24761962890625,272.00775146484375,386.2106018066406,189.19000244140625
2023-03-29,159.3398895263672,277.2259216308594,391.8241271972656,193.8800048828125
2023-03-30,160.91571044921875,280.7244567871094,394.1183776855469,195.27999877929688
2023-03-31,163.43313598632812,284.9246826171875,399.67333984375,207.4600067138672
2023-04-03,164.6918182373047,283.8672180175781,401.1962890625,194.77000427246094
2023-04-04,164.15663146972656,283.81781005859375,398.9703674316406,192.5800018310547
2023-04-05,162.3032684326172,281.01104736328125,397.9257507324219,185.52000427246094
2023-04-06,163.19528198242188,288.1860656738281,399.47808837890625,185.05999755859375
2023-04-10,160.58865356445312,286.001953125,399.8880920410156,184.50999450683594
2023-04-11,159.36959838867188,279.5186767578125,399.9954833984375,186.7899932861328
2023-04-12,158.6758270263672,280.1709899902344,398.3651123046875,180.5399932861328
2023-04-13,164.08724975585938,286.4466857910156,403.656494140625,185.89999389648438
2023-04-14,163.74037170410156,282.7900085449219,402.67047119140625,185.0
2023-04-17,163.76019287109375,285.4188232421875,404.11529541015625,187.0399932861328
2023-04-18,164.98916625976562,284.9938659667969,404.3788757324219,184.30999755859375
2023-04-19,166.13885498046875,285.07293701171875,404.3105773925781,180.58999633789062
2023-04-20,165.1675567626953,282.7603759765625,402.1042175292969,162.99000549316406
2023-04-21,163.5520782470703,282.4144287109375,402.4165954589844,165.0800018310547
2023-04-24,163.85931396484375,278.4710998535156,402.8363952636719,162.5500030517578
2023-04-25,162.31317138671875,272.1954650878906,396.44183349609375,160.6699981689453
2023-04-26,162.3032684326172,291.9119567871094,394.7626647949219,153.75
2023-04-27,166.91189575195312,301.26116943359375,402.6216735839844,160.19000244140625
2023-04-28,168.1705780029297,303.66278076171875,406.05810546875,164.30999755859375
2023-05-01,168.08139038085938,301.9825744628906,405.6480712890625,161.8300018310547
2023-05-02,167.04074096679688,301.8343505859375,401.0888366699219,160.30999755859375
2023-05-03,165.96044921875,300.836181640625,398.3358154296875,160.61000061035156
2023-05-04,164.31517028808594,301.8343505859375,395.5143737792969,161.1999969482422
2023-05-05,172.0260009765625,307.01300048828125,402.8363952636719,170.05999755859375
2023-05-08,171.9566192626953,305.03643798828125,402.94378662109375,171.7899932861328
2023-05-09,170.2420196533203,303.40576171875,401.1767272949219,169.14999389648438
2023-05-10,172.01608276367188,308.653564453125,403.0511779785156,168.5399932861328
2023-05-11,172.20440673828125,306.47930908203125,402.3482666015625,172.0800018310547
2023-05-12,171.27146911621094,305.3526916503906,401.821044921875,167.97999572753906
2023-05-15,170.77523803710938,305.83697509765625,403.2073974609375,166.35000610351562
2023-05-16,170.77523803710938,308.0902404785156,400.51287841796875,166.52000427246094
2023-05-17,171.39056396484375,311.002197265625,405.37469482421875,173.86000061035156
2023-05-18,173.73281860351562,315.47906494140625,409.2797546386719,176.88999938964844
2023-05-19,173.8419952392578,315.3007507324219,408.6842041015625,180.13999938964844
2023-05-22,172.8892059326172,318.1136474609375,408.8501892089844,188.8699951171875
2023-05-23,170.26907348632812,312.2502136230469,404.26171875,185.77000427246094
2023-05-24,170.54696655273438,310.8536376953125,401.33294677734375,182.89999389648438
2023-05-25,171.68832397460938,322.8084411621094,404.8084411621094,184.47000122070312
2023-05-26,174.10992431640625,329.71185302734375,410.0509948730469,193.1699981689453
2023-05-30,175.9658660888672,328.0478820800781,410.2071838378906,201.16000366210938
2023-05-31,175.916259765625,325.2548522949219,407.9324951171875,203.92999267578125
2023-06-01,178.73489379882812,329.4048156738281,411.8083190917969,207.52000427246094
2023-06-02,179.5884246826172,332.19793701171875,417.76348876953125,213.97000122070312
2023-06-05,178.2287139892578,332.73272705078125,416.96295166015625,217.61000061035156
2023-06-06,177.8615264892578,330.49432373046875,417.87091064453125,221.30999755859375
2023-06-07,176.4819793701172,320.29266357421875,416.4259948730469,224.57000732421875
2023-06-08,179.2112579345703,322.1546936035156,418.94476318359375,234.86000061035156
2023-06-09,179.5983428955078,323.67010498046875,419.6965026855469,244.39999389648438
2023-06-12,182.4070281982422,328.6817626953125,423.5039367675781,249.8300018310547
2023-06-13,181.93064880371094,331.0985107421875,426.29608154296875,258.7099914550781
2023-06-14,182.56582641601562,334.1193542480469,426.8036804199219,256.7900085449219
2023-06-15,184.61033630371094,344.776611328125,432.0950622558594,255.89999389648438
2023-06-16,183.52853393554688,339.0616760253906,430.62322998046875,260.5400085449219
2023-06-20,183.61785888671875,334.8225402832031,428.38909912109375,274.45001220703125
2023-06-21,182.57577514648438,330.37542724609375,426.19415283203125,259.4599914550781
2023-06-22,185.59288024902344,336.46673583984375,427.73260498046875,264.6099853515625
2023-06-23,185.27529907226562,331.821533203125,424.4989318847656,256.6000061035156
2023-06-26,183.8759002685547,325.46282958984375,422.7645568847656,241.0500030517578
2023-06-27,186.6448974609375,331.3758544921875,427.3994445800781,250.2100067138672
2023-06-28,187.82595825195312,332.64361572265625,427.6150207519531,256.239990234375
2023-06-29,188.1634063720703,331.8512268066406,429.3004150390625,257.5
2023-06-30,192.51043701171875,337.2888488769531,434.3664245605469,261.7699890136719
2023-07-03,191.0117950439453,334.7631530761719,434.8662109375,279.82000732421875
2023-07-05,189.89031982421875,334.9216003417969,434.219482421875,282.4800109863281
2023-07-06,190.36669921875,338.0118103027344,430.81927490234375,276.5400085449219
2023-07-07,189.2451934814453,334.00048828125,429.7315673828125,274.42999267578125
2023-07-10,187.19076538085938,328.6619567871094,430.81927490234375,269.6099853515625
2023-07-11,186.66476440429688,329.2958679199219,433.5629577636719,269.7900085449219
2023-07-12,188.34205627441406,333.980712890625,437.05133056640625,271.989990234375
2023-07-13,189.1062469482422,339.38861083984375,440.52020263671875,277.8999938964844
2023-07-14,189.25514221191406,341.9439392089844,440.2458190917969,281.3800048828125
2023-07-17,192.53028869628906,342.42926025390625,441.7744445800781,290.3800048828125
2023-07-18,192.27223205566406,356.057861328125,445.05706787109375,293.3399963378906
2023-07-19,193.63194274902344,351.69000244140625,446.0467529296875,291.260009765625
2023-07-20,191.67678833007812,343.5583801269531,443.08746337890625,262.8999938964844
2023-07-21,190.4957275390625,340.4879455566406,443.08746337890625,260.0199890136719
2023-07-24,191.29962158203125,341.8151550292969,445.06689453125,269.05999755859375
2023-07-25,192.16310119628906,347.629150390625,446.28192138671875,265.2799987792969
2023-07-26,193.0364532470703,334.5452575683594,446.3505554199219,264.3500061035156
2023-07-27,191.76608276367188,327.5626220703125,443.3912353515625,255.7100067138672
2023-07-28,194.3564453125,335.1395568847656,447.732177734375,266.44000244140625
2023-07-31,194.97178649902344,332.7129211425781,448.5846862792969,267.42999267578125
2023-08-01,194.1381072998047,333.1289367675781,447.301025390625,261.07000732421875
2023-08-02,191.13088989257812,324.373291015625,441.0787048339844,254.11000061035156
2023-08-03,189.73150634765625,323.54132080078125,439.81463623046875,259.32000732421875
2023-08-04,180.62060546875,324.6506042480469,437.825439453125,253.86000061035156
2023-08-07,177.5042266845703,326.9584045410156,441.6470947265625,251.4499969482422
2023-08-08,178.4470672607422,322.9371337890625,439.7264709472656,249.6999969482422
2023-08-09,176.8491973876953,319.15362548828125,436.78680419921875,242.19000244140625
2023-08-10,176.6308135986328,319.8469543457031,436.94354248046875,245.33999633789062
2023-08-11,176.69046020507812,317.9452819824219,436.6887512207031,242.64999389648438
2023-08-14,178.35012817382812,320.9463806152344,439.09930419921875,239.75999450683594
2023-08-15,176.3525848388672,318.7871398925781,433.9843444824219,232.9600067138672
2023-08-16,175.47802734375,318.0129699707031,430.7997131347656,225.60000610351562
2023-08-17,172.9239044189453,314.5192565917969,427.51702880859375,219.22000122070312
2023-08-18,173.41090393066406,314.1221923828125,427.7227783203125,215.49000549316406
2023-08-21,174.75253295898438,319.48193359375,430.50567626953125,231.27999877929688
2023-08-22,176.1339111328125,320.0576171875,429.3396301269531,233.19000244140625
2023-08-23,179.9998779296875,324.5638122558594,434.1214599609375,236.86000061035156
2023-08-24,175.2891845703125,317.586181640625,428.1049499511719,230.0399932861328
2023-08-25,177.50538635253906,320.5737609863281,431.12298583984375,238.58999633789062
2023-08-28,179.07562255859375,321.28839111328125,433.85693359375,238.82000732421875
2023-08-29,182.9813232421875,325.9632873535156,440.12823486328125,257.17999267578125
2023-08-30,186.489501953125,326.3404541015625,441.9410095214844,256.8999938964844
2023-08-31,186.70811462402344,325.31817626953125,441.29425048828125,258.0799865722656
2023-09-01,188.28831481933594,326.21142578125,442.1174011230469,245.00999450683594
2023-09-05,188.52682495117188,331.06500244140625,440.2065734863281,256.489990234375
2023-09-06,181.77880859375,330.4000244140625,437.24737548828125,251.9199981689453
2023-09-07,176.46188354492188,327.4521179199219,435.9049072265625,251.49000549316406
2023-09-08,177.07803344726562,331.77960205078125,436.5613708496094,248.5
2023-09-11,178.25076293945312,335.42230224609375,439.4325256347656,273.5799865722656
2023-09-12,175.20968627929688,329.2982482910156,437.02197265625,267.4800109863281
2023-09-13,173.1326141357422,333.5563049316406,437.53155517578125,271.29998779296875
2023-09-14,174.65313720703125,336.1766357421875,441.3040466308594,276.0400085449219
2023-09-15,173.9276580810547,327.75982666015625,435.9870910644531,274.3900146484375
2023-09-18,176.86935424804688,326.60845947265625,436.2427978515625,265.2799987792969
2023-09-19,177.96255493164062,326.2015075683594,435.33807373046875,266.5
2023-09-20,174.40469360351562,318.38018798828125,431.3359375,262.5899963378906
2023-09-21,172.8543243408203,317.1494445800781,424.20660400390625,255.6999969482422
2023-09-22,173.70899963378906,314.64825439453125,423.2527770996094,244.8800048828125
2023-09-25,174.99105834960938,315.17431640625,425.0326232910156,246.99000549316406
2023-09-26,170.8965301513672,309.8145446777344,418.7883605957031,244.1199951171875
2023-09-27,169.37599182128906,310.45965576171875,418.95550537109375,240.5
2023-09-28,169.6343994140625,311.3033752441406,421.3843994140625,246.3800048828125
2023-09-29,170.1511688232422,313.3976135253906,420.36175537109375,250.22000122070312
2023-10-02,172.6754608154297,319.4025573730469,420.19451904296875,251.60000610351562
2023-10-03,171.3337860107422,311.05523681640625,414.5697937011719,246.52999877929688
2023-10-04,172.5860137939453,316.58367919921875,417.5887145996094,261.1600036621094
2023-10-05,173.82827758789062,316.980712890625,417.4313659667969,260.04998779296875
2023-10-06,176.392333984375,324.8218994140625,422.3874206542969,260.5299987792969
2023-10-09,177.883056640625,327.36279296875,425.09161376953125,259.6700134277344
2023-10-10,177.2867431640625,325.9434814453125,427.30413818359375,263.6199951171875
2023-10-11,178.68804931640625,329.9434509277344,429.0545349121094,262.989990234375
2023-10-12,179.59242248535156,328.69281005859375,426.4388122558594,258.8699951171875
2023-10-13,177.74392700195312,325.2883605957031,424.31475830078125,251.1199951171875
2023-10-16,177.61471557617188,330.1617736816406,428.7791748046875,253.9199981689453
2023-10-17,176.05441284179688,329.58612060546875,428.7594909667969,254.85000610351562
2023-10-18,174.75253295898438,327.650634765625,423.0462646484375,242.67999267578125
2023-10-19,174.3748779296875,328.85162353515625,419.3291931152344,220.11000061035156
2023-10-20,171.8108367919922,324.2362976074219,414.17645263671875,211.99000549316406
2023-10-23,171.93008422851562,326.86651611328125,413.4585876464844,212.0800018310547
2023-10-24,172.36737060546875,328.0675048828125,416.5758361816406,216.52000427246094
2023-10-25,170.04183959960938,338.1319580078125,410.5970153808594,212.4199981689453
2023-10-26,165.85789489746094,325.44720458984375,405.6802978515625,205.75999450683594
2023-10-27,167.17965698242188,327.3528747558594,403.8414306640625,207.3000030517578
2023-10-30,169.23684692382812,334.7969970703125,408.6697082519531,197.36000061035156
2023-10-31,169.71389770507812,335.5910339355469,411.2362365722656,200.83999633789062
2023-11-01,172.89410400390625,343.4917297363281,415.6219787597656,205.66000366210938
2023-11-02,176.4718475341797,345.7249755859375,423.5871276855469,218.50999450683594
2023-11-03,175.55751037597656,350.17156982421875,427.4516906738281,219.9600067138672
2023-11-06,178.12155151367188,353.8738098144531,428.43499755859375,219.27000427246094
2023-11-07,180.69554138183594,357.8440246582031,429.6543273925781,222.17999267578125
2023-11-08,181.75894165039062,360.4941101074219,429.9690246582031,222.11000061035156
2023-11-09,181.2819061279297,358.0028076171875,426.61578369140625,209.97999572753906
2023-11-10,185.4912872314453,366.9159240722656,433.2730407714844,214.64999389648438
2023-11-13,183.89906311035156,363.94818115234375,432.860107421875,223.7100067138672
2023-11-14,186.5261993408203,367.5113830566406,441.25787353515625,237.41000366210938
2023-11-15,187.0934295654297,367.66064453125,442.1920166015625,242.83999633789062
2023-11-16,188.78514099121094,374.1253356933594,442.73291015625,233.58999633789062
2023-11-17,188.76522827148438,367.83966064453125,443.2835388183594,234.3000030517578
2023-11-20,190.5166473388672,375.3883972167969,446.6958312988281,235.60000610351562
2023-11-21,189.71058654785156,371.0421447753906,445.7222595214844,241.1999969482422
2023-11-22,190.37733459472656,375.7961730957031,447.443115234375,234.2100067138672
2023-11-24,189.04385375976562,375.37841796875,447.7184143066406,235.4499969482422
2023-11-27,188.86473083496094,376.552001953125,446.9121398925781,236.0800018310547
2023-11-28,189.4717559814453,380.6198425292969,447.3546142578125,246.72000122070312
2023-11-29,188.44679260253906,376.79071044921875,447.0399475097656,244.13999938964844
2023-11-30,189.0239715576172,376.85040283203125,448.8001403808594,240.0800018310547
2023-12-01,190.30767822265625,372.47430419921875,451.4552001953125,238.8300018310547
2023-12-04,188.50648498535156,367.1335144042969,449.0853271484375,235.5800018310547
2023-12-05,192.47705078125,370.4951171875,448.9967956542969,238.72000122070312
2023-12-06,191.38241577148438,366.79534912109375,447.1874694824219,239.3699951171875
2023-12-07,193.32290649414062,368.93365478515625,450.59967041015625,242.63999938964844
2023-12-08,194.75588989257812,372.19586181640625,452.5368957519531,243.83999633789062
2023-12-11,192.2382049560547,369.28173828125,454.2970275878906,239.74000549316406
2023-12-12,193.76077270507812,372.34503173828125,456.3719482421875,237.00999450683594
2023-12-13,196.99493408203125,372.3350524902344,462.6653747558594,239.2899932861328
2023-12-14,197.14418029785156,363.94091796875,464.15020751953125,251.0500030517578
2023-12-15,196.6068115234375,368.7148742675781,463.385986328125,253.5
2023-12-18,194.9350128173828,370.6243896484375,465.99261474609375,252.0800018310547
2023-12-19,195.97988891601562,371.23114013671875,468.82623291015625,257.2200012207031
2023-12-20,193.88018798828125,368.6054382324219,462.3295593261719,247.13999938964844
2023-12-21,193.7308807373047,371.5096130371094,466.7133483886719,254.5
2023-12-22,192.6561737060547,372.5439147949219,467.65130615234375,252.5399932861328
2023-12-26,192.10885620117188,372.6235046386719,469.6259460449219,256.6099853515625
2023-12-27,192.20835876464844,372.0367126464844,470.4750671386719,261.44000244140625
2023-12-28,192.6362762451172,373.2401123046875,470.6528015136719,253.17999267578125
2023-12-29,191.59140014648438,373.9959716796875,469.290283203125,248.47999572753906
